,RA,DEC
0,358.24061777599997,-2.725861362
1,146.308739722,-2.705648628
2,161.704875972,-2.6355794280000002
3,49.96803448,-2.592077152
4,36.006666309,-2.574197477
5,72.495776432,-2.550853242
6,204.08240129400002,-2.539958918
7,166.34967462,-2.528269252
8,69.130476769,-2.410896094
9,37.22722419,-2.396128919
10,161.785699304,-2.35883435
11,216.45779603,-2.33394169
12,9.515975602000001,-2.31311011
13,196.071080218,-2.316131222
14,129.770106664,-2.280138296
15,152.129785938,-2.25437885
16,68.939067794,-2.24168436
17,342.11827646,-2.211583178
18,326.334278874,-2.207226088
19,9.618690212,-2.193951586
20,48.382789922,-2.1942553780000003
21,159.694874748,-2.179700244
22,179.504563488,-2.177302156
23,168.991041792,-2.170739404
24,193.793333906,-2.16108687
25,64.782920984,-2.1542520919999997
26,179.64011984400003,-2.135657592
27,193.36946230799998,-2.12519423
28,154.566565944,-2.113157482
29,139.355069088,-2.092144132
30,160.392199371,-2.084271041
31,185.21601638099997,-2.0857627830000003
32,152.661818036,-2.04453701
33,49.873279364,-2.03477549
34,202.491031653,-2.014378512
35,190.8017234975,-2.0032378084999998
36,184.83215451599997,-1.994635645
37,211.63323134,-1.968855484
38,202.44303973799998,-1.951255954
39,201.990975864,-1.9248691080000002
40,44.314971716,-1.91089245
41,326.933938672,-1.915816142
42,156.557083532,-1.891501334
43,203.065525646,-1.8852481840000002
44,157.6119642375,-1.8391345155
45,223.57339721,-1.821359934
46,219.583130645,-1.8123439019999998
47,226.34275322599999,-1.802865954
48,11.946563028,-1.8001116480000001
49,235.29110466,-1.7061425680000002
50,170.006482093,-1.684889509
51,204.42216309,-1.6753923380000002
52,211.06342771400003,-1.639834056
53,158.516346676,-1.6279264
54,173.53881072,-1.595137621
55,146.814715808,-1.5832231019999998
56,213.77498393,-1.55681836
57,188.258749008,-1.540510922
58,163.779184278,-1.5312899119999999
59,161.877145924,-1.492497454
60,354.68317892,-1.4719575480000002
61,151.585758814,-1.395635859
62,168.253553616,-1.377223568
63,191.31454253200002,-1.380166472
64,186.782152792,-1.3541805319999998
65,138.915519326,-1.3471001980000001
66,352.467768766,-1.299383474
67,178.876635978,-1.262073902
68,178.87771549599998,-1.261388718
69,21.891859654,-1.256249282
70,32.547005414000004,-1.232226688
71,127.887014743,-1.197768467
72,171.035980394,-1.15772614
73,63.636791098,-1.124159428
74,224.347232398,-1.1228631059999998
75,38.618984882,-1.101164878
76,46.29418426,-1.07546873
77,216.32254094599998,-1.0517330059999999
78,223.78387725,-1.048066014
79,47.022769208,-0.978498482
80,159.724615226,-0.941627984
81,200.22765541200002,-0.941157628
82,30.627328544,-0.909726072
83,201.272366168,-0.9031095720000001
84,226.5831797,-0.907848634
85,337.240430786,-0.897448418
86,340.02968563,-0.892414866
87,164.089893636,-0.88901187
88,145.68113042,-0.8672260540000001
89,50.536105872,-0.836272908
90,135.80278258799999,-0.752927088
91,180.366441918,-0.718380144
92,170.663815648,-0.684540708
93,37.54518409,-0.64821525
94,51.644139926,-0.6477524720000001
95,158.33258056,-0.6015628120000001
96,212.103657658,-0.5891609879999999
97,191.418754522,-0.580460458
98,50.85771166399999,-0.5719394520000001
99,158.46400023,-0.561304554
100,24.247187736,-0.531501168
101,51.155451291999995,-0.444010232
102,198.535908566,-0.441085956
103,205.13401611400002,-0.43943281
104,162.35367677,-0.429878452
105,161.93611331600002,-0.377285986
106,184.468514108,-0.36207468200000004
107,72.697480434,-0.35102682399999996
108,152.37692553,-0.333868562
109,48.190404346,-0.333110108
110,149.859160288,-0.253945496
111,354.964958702,-0.250481954
112,8.88653867,-0.17912196600000002
113,152.839000524,-0.16861172600000002
114,200.65335121799998,-0.14059261
115,65.7660704,-0.060733944000000005
116,177.88115044,-0.05093219400000001
117,202.263451248,-0.043607624000000005
118,134.945339402,-0.005608923
119,349.56531062199997,0.261199384
120,47.593072565,0.426852299
121,45.990927828000004,0.433961748
122,47.642061956000006,0.49411691799999996
123,46.26058748,0.628918514
124,22.944501464000002,0.682173076
125,45.27320902,0.7560341859999999
126,24.8766248761667,0.7827513875
127,64.159300824,0.84315478
128,30.726806344,0.877978272
129,49.804520634,0.956918178
130,28.196846022,1.105605878
131,29.78980553,1.1768840520000001
132,71.21896951,1.20800495
133,341.434886776,1.5056163740000001
134,30.473967078,1.51920127
135,68.63322094,1.682444546
136,52.240478236,1.7507049380000002
137,24.513745491999998,1.7809762759999999
138,345.90986643199994,1.849662744
139,359.84235539400004,1.87578017
140,31.839939276,1.929706092
141,332.866616892,1.9356807180000002
142,327.707615112,2.020808092
143,350.352718826,2.073251612
144,334.852700246,2.440323522
145,317.592654401,2.498312573
146,46.86680833,2.53057441
147,330.75018860000006,2.598886278
148,344.889103966,2.626512646
149,327.77240617,2.7738548080000003
150,337.4984545,2.7906565619999997
151,3.2377174560000004,2.945424258
152,45.84178076600001,3.102432762
153,328.74305335,3.1001796280000002
154,48.686429587,3.187320091
155,339.99812090349997,3.1911201264999995
156,340.125906214,3.358498118
157,16.256682712,3.421668284
158,2.899120752,3.50382765
159,50.191402517,3.5852258210000003
160,47.790199234,3.6220300739999995
161,328.353336252,3.6495862580000002
162,320.245160014,3.672520622
163,334.169453404,3.86979566
164,355.37011395,4.171870226
165,45.35256327,4.23914007
166,346.407049368,4.234263694
167,355.513999204,4.3108505
168,359.68555313800005,4.334892722
169,336.455322368,4.52113411
170,344.73693321,4.58767286
171,327.89948162,4.6586251260000004
172,353.76048851800005,4.803774743
173,8.794842294,4.851609938
174,25.45748011,5.003348526
175,357.56152543300004,4.99985186
176,18.726123634,5.03400281
177,3.576911888,5.1165262380000005
178,5.949840086,5.135455926000001
179,346.84993252,5.137943788
180,340.57771580400004,5.220909598
181,3.641825126,5.234256139
182,10.311921142000001,5.286431314
183,14.567000043,5.301220025
184,23.425877668000002,5.369975287999999
185,327.90365689,5.534114814
186,357.00395849,5.596870203
187,7.72816208,5.621745162000001
188,349.627855916,5.668863344
189,45.035890243999994,5.804634554
190,3.8137801039999997,5.8876702739999995
191,10.72921649,5.896629592000001
192,346.734142758,5.9183425860000005
193,32.008509491999995,5.932342906000001
194,330.591453354,5.963528836
195,357.84791919599996,6.1085192720000006
196,44.72302081,6.157955257999999
197,325.18472034,6.348023552000001
198,19.059308255999998,6.4197092520000005
199,346.752125524,6.4181131339999995
200,357.770182906,6.416707627999999
201,5.35683,6.442703752000001
202,25.524380328000003,6.45235307
203,38.226153844,6.472168562
204,9.84678201,6.593139556000001
205,346.338646452,6.649397614
206,38.728206932,6.715502674
207,25.594974271999998,6.7232852560000005
208,10.142046472,6.752692276
209,18.939972498,6.819309228
210,354.36908159,6.84029039
211,9.867816134,6.859671147999999
212,330.906512096,6.935656242
213,5.371364744,6.976814414
214,351.97842548,6.996255262000001
215,9.056320086,7.166863414
216,16.296178272,7.240998546
217,4.319722746,7.414643976
218,6.404370298,7.475090617999999
219,347.09012775,7.478161072000001
220,347.47223423599996,7.49203129866667
221,347.4686266072,7.5157209603999995
222,359.00804797800004,7.523148856000001
223,11.928771478,7.544962207999999
224,346.955095238,7.56162159
225,9.039480654,7.64045211
226,21.185882682,7.673171546
227,37.353928074,7.757270348
228,19.950811736,7.761680648
229,26.320084206999997,7.760173697999999
230,30.17618327,7.793830838
231,14.248197037999999,7.806956802
232,0.8174368040000001,7.815160476
233,346.825361812,7.921296217999999
234,0.275234262,8.118441626000001
235,17.292566384,8.276325532000001
236,357.714427514,8.329940836
237,359.361029046,8.326323817999999
238,17.1018737,8.348667492
239,336.323963956,8.41659562
240,349.29837637199995,8.555018132
241,351.982494096,8.597577782
242,33.102378701999996,8.618583554
243,333.29810884299997,8.628732406000001
244,351.904752261,8.68413903
245,9.028406666,8.694981014
246,27.55313275,8.76712417
247,324.594682495,8.804193377
248,15.810695286,8.82576202
249,335.99775877,8.902873684
250,29.442487694,8.994562776
251,357.065096854,9.0532247
252,354.670224324,9.059032616
253,21.168760342,9.088476346
254,31.580812171999998,9.227426573999999
255,355.275030958,9.251814293999999
256,348.65361182,9.292079447999999
257,350.50281303400004,9.296724256000001
258,36.827489258,9.339043112
259,15.32563669,9.368266457999999
260,357.35824932599996,9.404972828
261,332.408706154,9.49792397
262,341.94445924400003,9.659286238
263,6.355193034,9.717389834
264,354.20057704199996,9.740613972
265,353.85846846,9.75122442
266,19.994278802,9.808806568
267,349.34503555599997,9.837107492000001
268,350.719439454,9.968117984
269,349.21349119900003,10.003213713
270,6.312904316,10.102701292
271,21.07452016,10.10699703
272,36.942892138000005,10.103733894
273,322.34914730599996,10.213221848
274,13.901729302,10.238129476000001
275,345.51020433199994,10.25753604
276,322.477369542,10.267794967999999
277,34.15999901,10.2893556
278,337.996489056,10.375581856
279,345.561986518,10.479928787999999
280,324.043837074,10.632274407999999
281,21.387181934,10.695720304
282,18.145418128,10.71047948
283,39.900355311999995,10.735879748
284,26.737190137,10.782753097
285,1.054118581,10.790554689
286,327.806235259,10.794999380999998
287,15.884520885999999,10.827764734
288,12.051717576,10.85259532
289,5.371487786,10.892054457999999
290,30.032715218000003,11.048894974000001
291,338.359261488,11.052874824000002
292,355.555711954,11.076227642000001
293,12.200337172000001,11.370145944
294,9.075518022,11.39306303
295,26.733790936,11.438625988
296,342.342289528,11.49464873
297,355.98869597199996,11.515230996
298,8.803116814,11.553294118
299,342.355155117,11.592468002
300,19.608433715,11.606145517
301,23.425635518000004,11.695616725999999
302,20.447284372000002,11.721249228
303,349.577111006,11.729650088
304,331.74053767,11.763530006
305,353.678286268,11.889074035999998
306,8.956585058,11.914756372000001
307,10.514960052000001,12.008252829000002
308,350.123590894,12.081708864000001
309,351.897609744,12.075037914000001
310,2.590810914,12.14138244
311,350.563722446,12.23234579
312,343.375475338,12.297270304000001
313,18.74544376,12.37987611
314,26.124021741999996,12.429438184
315,351.31008101,12.636393995999999
316,356.13123652,12.696346294000001
317,333.972832116,12.724612752
318,322.00878089400004,12.746537287999999
319,24.449583542,12.77692667
320,342.97778254,12.77522793
321,351.853450224,12.856070968
322,351.76463941599997,12.890130975999998
323,43.228362418,13.065433872
324,14.601956668,13.082639704000002
325,348.782727764,13.170518418
326,358.72599629,13.304144566
327,10.987230508,13.36759921
328,0.722486728,13.420299997999999
329,358.92304855599997,13.436829962000001
330,11.104251082000001,13.48426994
331,356.297020458,13.562771766
332,329.972340173,13.579869844000001
333,353.094677574,13.716039322
334,8.944155038,13.880048172
335,33.176478716,13.969423292
336,350.868255598,13.977447798
337,9.54819765,14.022461468
338,39.682272294,14.10337575
339,16.956902665999998,14.121015188
340,350.86124229800004,14.13169329
341,3.35304097,14.208427534
342,33.140558969000004,14.343202952
343,17.370000514,14.363133375999999
344,339.88626863400003,14.363681485999999
345,17.33083834,14.409297566
346,351.026572444,14.418271864000001
347,22.66662223,14.437062127999999
348,351.953059072,14.47537072
349,351.92847620000003,14.544796314000001
350,350.889310168,14.576923732000001
351,18.647530686,14.583365202000001
352,9.43934815,14.711621357
353,3.446402418,14.773930624
354,17.313939192,14.780291828
355,349.535625322,14.847858254
356,3.2990830019999997,14.894718604000001
357,31.492490221,14.919536682
358,42.666399565999996,14.981071446
359,334.422826748,15.101719845999998
360,21.093420544,15.119590848
361,351.95711153400003,15.119271646
362,347.912000534,15.128269662000001
363,1.927728865,15.186874414000002
364,20.848262005,15.214675036
365,359.878032141,15.218575319000001
366,23.949096326,15.253425918
367,18.595971664,15.288588744
368,14.917134615999998,15.331102431
369,333.600766816,15.376636196
370,350.740426048,15.46602468
371,330.711528324,15.499207155999999
372,328.220361948,15.571842904
373,31.838322891,15.595685069000002
374,11.8764037,15.697034844000001
375,40.164276538,15.704192078
376,358.238813434,15.712484284
377,346.381925966,15.831418132000001
378,41.208518506,15.868911864000001
379,41.543186464,15.952476394000001
380,348.838100846,16.04259065
381,4.712536074,16.178829734
382,16.437255168,16.184920564000002
383,16.630063982,16.206960186
384,7.422311756,16.307529798
385,18.821308018,16.414819029
386,3.108319872,16.491268836
387,337.20812526,16.49710506
388,28.833011482,16.500686796
389,23.20915213,16.509883212000002
390,359.48482309199994,16.52188409
391,118.00104346200001,16.563788166
392,336.132212208,16.588227428
393,17.662536642,16.597401868
394,12.163263622,16.631038485999998
395,26.222389806,16.665607778
396,351.02182878599996,16.661992642
397,343.276657544,16.7522669
398,346.91878909,16.82894781
399,29.151233748000003,16.8993493
400,329.549011946,17.082733688
401,17.99524119,17.270016131
402,39.838494828,17.27655459
403,21.039336126,17.289527698
404,337.136470756,17.470382548
405,35.265303,17.518613765999998
406,334.61534819,17.68974451
407,12.792586474,17.73552647
408,351.04000281599997,17.890940756
409,32.743275806,17.930005782000002
410,356.147883018,17.94967409
411,15.669679078,17.989058453
412,16.80363197,17.993922523
413,20.723219953,18.00086898
414,14.955621976333301,18.0081637943333
415,344.942584918,18.02853417
416,20.957904364,18.102192438
417,16.555502296,18.193634476
418,343.13205428599997,18.23436639
419,352.82033765,18.240074548
420,12.279749322,18.258330748
421,20.458026315999998,18.267641716
422,15.046925285,18.283096581
423,350.464562804,18.283261927999998
424,338.97244928,18.377494888
425,349.188023092,18.412257458
426,20.899296575999998,18.43687285
427,38.168676202,18.465904364
428,27.206290369,18.542201679
429,342.138530202,18.573898338
430,32.494643692,18.696117898
431,345.37557751400004,18.719282225
432,25.716622246,18.736847088
433,117.010568352,18.81546458
434,350.922643372,18.859800736
435,356.88478578800004,18.891722702
436,20.678461528,19.032532634000003
437,31.19128386,19.045868794
438,116.99893658,19.09455539
439,349.38198248699996,19.207345064000002
440,31.349801181999997,19.244517201
441,356.73162148,19.253145038
442,349.92130281199996,19.31598783
443,37.648510908,19.35409505
444,27.755653786,19.387069917999998
445,3.658061018,19.399658736
446,344.13409582599996,19.404576072
447,22.199328473,19.493346223
448,346.45161244,19.631928937999998
449,354.53916086099997,19.761508723
450,346.09630786,19.82671357
451,337.348896242,19.86264939
452,344.07087346,19.879846775999997
453,3.9312285680000003,19.944202774
454,14.061494855,19.978173244
455,5.20277816,20.031582055999998
456,344.238783516,20.058254458
457,6.809417298,20.072198312
458,336.481490704,20.227962198
459,350.40939528,20.24121246
460,332.588835922,20.35438092
461,16.2805283025,20.401839821
462,31.835452164,20.746577478
463,336.47574686,20.867128678
464,359.615906424,20.96629933
465,29.95837665,21.035541586
466,331.874390008,21.093505527999998
467,28.719955616999997,21.108859691
468,354.23841492800005,21.23426725
469,350.80734579800003,21.264868424
470,328.1075464,21.293449628
471,338.196021234,21.35756082
472,7.122628942,21.437257184
473,358.155389002,21.515227262
474,25.595045971999998,21.876732106
475,349.39200180800003,21.91723845
476,340.11497175,22.0118059
477,24.101650038000002,22.049732218000003
478,14.995121957,22.072789475
479,115.717043511333,22.1127166036667
480,355.305780024,22.199709354
481,20.672534236,22.223526946
482,350.35245602,22.217678256
483,352.58949118199996,22.246468418000003
484,20.803270246,22.255869116
485,351.074251764,22.250295798000003
486,14.621458586,22.325317848
487,339.299296101,22.387522548000003
488,349.80087002199997,22.435414555999998
489,350.66717561,22.454160418
490,337.599737496,22.555834316
491,356.22639206599996,22.698975311999998
492,4.764181174,22.76207108
493,333.736425054,22.771275494
494,348.260413982,22.839787778
495,27.677652398000003,22.867938638000002
496,336.903084692,22.896194045999998
497,353.80825936199994,22.93848208
498,352.37794022400004,22.95076345
499,358.31163793800005,23.032327196
500,19.215555164,23.152740731999998
501,341.82970632,23.162090611999997
502,330.072331904,23.270993865999998
503,352.854135998,23.319459692
504,351.788879394,23.423450182
505,16.356338118,23.467570324
506,10.727016314,23.503115586
507,26.777757945999998,23.643378191999997
508,119.089043998,23.678890774
509,34.407216334,23.756425924000002
510,6.0533180710000005,23.914635654
511,37.412882088,24.002618177
512,20.92279644,24.259966304000002
513,36.863953748,24.258873641999998
514,14.199145054,24.347852602
515,16.8204954,24.509257408000003
516,342.141439542,24.534732978
517,10.080106427999999,24.587640185999998
518,11.751533672,24.594691286
519,357.835894584,24.657880564000003
520,118.188479816,24.676468508000003
521,36.735752204,24.748707018
522,339.62064494,24.763081038000003
523,4.070465385,24.79071471
524,353.34540451199996,24.816946192
525,9.253918002,24.87111629
526,338.610570752,25.030421828
527,350.329087474,25.053101174000002
528,359.296471162,25.064939484
529,0.8852045470000001,25.115125656999997
530,348.871403568,25.120430446
531,12.20583082,25.12459461
532,9.48686136,25.143228164
533,119.485368154,25.160887148
534,355.276495214,25.169096206
535,348.23221963,25.234631384
536,352.972629094,25.295035451999997
537,10.65197475,25.30512925
538,357.938053262,25.51982517
539,36.181070968,25.532329362
540,352.95935487,25.544431806
541,9.764611816,25.554044666
542,2.7375491660000004,25.559969335999998
543,11.611219982,25.621272818
544,12.730813842,25.645372798
545,9.310518716,25.719684775999998
546,36.757410201999996,25.787441291999997
547,9.167136238,25.906565084
548,35.71521677,25.944280604
549,31.64980824,26.107767454
550,8.183375692,26.118183634
551,27.137806486,26.12122796
552,359.047285596,26.542962841999998
553,32.38476404,26.651752518000002
554,27.77365949,26.715346811999996
555,14.518503553,26.896028412
556,15.13088699,27.07388836
557,15.141732556,27.097964572
558,27.491287661999998,27.107774042
559,19.00387168,27.153925766
560,9.99634141,27.192242678000003
561,354.042107494,27.268325
562,357.99556329800004,27.337381258
563,0.68224713,27.429240814
564,340.33124005,27.428248474
565,1.451615724,27.449387400000003
566,36.337966042,27.452841902
567,346.149950786,27.568148041999997
568,25.556852122,27.673966531999998
569,15.748652583,27.69783197
570,337.609834575,27.800092726
571,347.041689106,27.811722795999998
572,4.223822672,27.848205395999997
573,30.309871945999998,27.844012692
574,117.570288478,27.856983658
575,29.724984936,27.940736794
576,354.303240454,27.934066494
577,359.56798526800003,27.948129456
578,36.919538385,28.078383919
579,343.886972066,28.084632076
580,356.905457684,28.191806535999998
581,357.006564066,28.235557854
582,0.7315451,28.277478488000003
583,29.290215606,28.290216778
584,3.6423832689999998,28.450541283000003
585,355.58471067199997,28.477283644
586,16.296383356,28.510473171999998
587,37.526514062,28.674240001999998
588,9.13573191,28.710949284
589,348.40579841,28.760747128000002
590,349.21278783599996,28.759517291999998
591,17.4350409006667,28.777772842666696
592,35.800554004,28.798096095
593,113.384993844,28.86191419
594,31.996390834,28.868826068
595,4.879313146,28.876408324
596,26.667754482,28.974780826
597,336.052714518,29.125910204
598,358.44068544199996,29.256069571999998
599,9.51536549,29.25969357
600,9.31587947,29.280519048000002
601,114.288148686,29.434625192
602,35.5328376925,29.589569610999998
603,114.354822964,29.66811825
604,115.365589982,29.669207456
605,11.341257584000001,29.827870556
606,359.180870246,29.885264481999997
607,115.0551638,29.914904066
608,4.558580307,29.952131766999997
609,119.41022619200001,30.109798434000002
610,34.059289144,30.122425185999997
611,15.165339422,30.124755122
612,12.706310574000002,30.164282026
613,37.253284206,30.314450638
614,20.338900351,30.385883216999996
615,17.65887341,30.439634299999998
616,344.083655049,30.456937914
617,18.12670975,30.462818738000003
618,38.035146134,30.628151386
619,14.52176519,30.649156322
620,119.50022617399999,30.795585874
621,347.245909385,30.792447876
622,22.248371624,30.9077445
623,116.637205576,31.022684168
624,1.775862516,31.053792045999998
625,22.241881944,31.31353538
626,22.433630208,31.308900084
627,7.907655506,31.363480834
628,29.332773606,31.522066894
629,19.908381895999998,31.65465897
630,340.79850401,31.658269488000002
631,18.108889036,31.68178565
632,32.558719018000005,31.9843021
633,9.070181413,31.997014140999998
634,117.76224562799999,32.080245164000004
635,30.295296036,32.112315798000004
636,343.398749416,32.156981705999996
637,29.157585152,32.229943786
638,29.172478326,32.400722691
639,23.035296982,32.421217654
640,354.92139726,32.54527643
641,23.563549568000003,32.580148466
642,352.96034260000005,32.60202015
643,24.829701034,32.662966078000004
644,20.606707288,32.697473566
645,358.615742758,32.704233812
646,359.960672294,32.702342168
647,358.44823624400004,32.863446788000005
648,6.251715332000001,32.921992504
649,27.510074902,32.95294011
650,27.23426783,33.119313716
651,22.849309258,33.143881574
652,341.693226568,33.165231246
653,353.838940899,33.216439125
654,22.860617226,33.35624596
655,11.936420515999998,33.469387616
656,119.710104219,36.795756359
657,111.921761654,38.251405554
658,118.603694584,39.371558956
659,108.235568821,39.976647265
660,270.851887696,45.698282322
661,271.170072714,46.256519565
662,104.052224758,46.925238324
663,103.676147604,47.63204073
664,117.734218148,48.312783766
665,117.966225964,49.81435433
666,117.32936343200001,50.11193230399999
667,115.557733381,50.390978378
668,101.49838613,51.720663243999994
669,277.753052662,52.305013776
670,113.12418669200001,52.531835742
671,101.61086307,53.075562646
672,273.542803384,54.274342342
673,108.68576249,54.97234735399999
674,109.50753902,55.06106798
675,110.84742851,55.538186124
676,108.297636864,56.636768062
677,116.20423630200001,57.109889568
678,107.600710694,58.102283688
679,119.206152995,60.274791625
680,273.932430862,61.697902628
681,276.891226152,62.11658357
682,275.916094845,62.284888323000004
683,114.08168449,62.354655494
684,118.52364022399999,62.835625164
685,275.697776648,62.953679138999995
686,107.846180137,63.219508653000005
687,103.74899940200001,64.103317458
688,116.54310053200001,64.204092952
689,285.298010788,64.434193236
690,119.36512264,65.135869858
691,103.243809182,66.75445479
692,138.384405024,70.582317962
693,142.24802432799999,70.763742462
694,125.12018043399999,70.824901298
695,231.68729164200002,70.927202038
696,156.49114277200002,71.1979859265
697,211.424290402,72.254966582
698,214.064395872,72.263184846
699,161.92417999,72.82195226399999
700,133.22833456200001,74.500475294
701,269.04432845900004,75.88211745
702,214.54509171,75.920838246
703,166.827483242,76.695008262
704,120.523417756,77.217878364
705,221.673415234,77.281309204
706,151.329111394,77.65396371199999
707,207.132145558,78.04930262399999
708,255.246486608,78.749823024
709,219.25277507200002,78.800296276
710,276.875299565,79.62084154899999
711,168.683012806,79.726690008
712,240.02449733,79.863665416
713,231.664150134,79.954606655
714,227.29485557200002,80.27608395
715,152.380868536,80.331435552
716,142.222421157,80.336690898
717,187.97058821,81.47468404199999
718,159.016322084,81.54010018
719,53.801046448,-29.944750278
720,36.616363906,-29.694496898
721,19.806085468,-29.535287114000003
722,31.652388996,-29.412384838
723,34.558241724,-29.235706458000003
724,67.421808044,-29.171145684000003
725,48.26819394899999,-29.110424272
726,12.183843164,-28.698553748000002
727,32.872125061999995,-28.30968802
728,51.50945879,-28.301687895
729,163.351308048,-27.748735194
730,7.44951759,-27.664601878000003
731,43.123155298,-27.177703368000003
732,84.358828344,-27.049643694
733,85.26529553399999,-26.478316411999998
734,13.93945845,-26.334899076
735,38.530144568000004,-26.267202078
736,47.78167944,-26.18942553
737,87.11184527200001,-26.073892001999997
738,39.88253469,-25.173389394
739,45.974344688,-24.565294708000003
740,14.085220986,-24.34854866
741,68.506262328,-24.286145668000003
742,81.26521938399999,-24.208435394000002
743,75.121547658,-24.077204768
744,75.792261547,-24.000659958000004
745,78.222600222,-23.445721438000003
746,29.518864908,-23.357545846
747,45.78911965100001,-23.198936675
748,79.544782982,-23.108315576
749,7.067273234,-23.06248446
750,21.799207132,-22.762037214
751,10.430479736,-22.682937191999997
752,80.65343988800001,-22.646432502
753,32.505856704,-22.35739411
754,41.851350335999996,-22.267819162
755,38.65148672,-22.161141181999998
756,73.253345312,-21.778950621999996
757,71.589362448,-21.629380128
758,15.666571372,-21.336175737999998
759,72.83497959,-21.152663662000002
760,70.87454230600001,-21.08713453
761,15.12583728,-20.831504038
762,50.568581356,-20.767847653
763,28.289180414,-20.69164683
764,52.180856548,-20.649553444000002
765,59.256469612,-20.647401834
766,76.712242385,-20.345150863
767,39.379004112,-20.337942782
768,16.297674767,-20.300441982
769,41.893938,-20.183394952
770,17.562790386,-19.76076956
771,78.390145382,-19.500757198
772,28.913479751999997,-19.441645868
773,19.699040704,-19.172005937999998
774,28.044443466,-18.853069671
775,73.31920554199999,-18.749531926
776,20.761448906,-18.698226134000002
777,35.1891143436667,-18.641678276500002
778,59.673398928000005,-18.15897249
779,20.261720015999998,-18.11292956
780,85.103072394,-18.098415954
781,35.373580926,-18.055487488
782,75.44028934399999,-18.005968001
783,10.666896662000001,-17.511508422000002
784,9.566961484,-17.413632284000002
785,9.567555014,-17.413882522
786,32.094469342,-17.401631062
787,58.630839566000006,-17.29742633
788,35.936733366,-17.21188794
789,37.11435421,-17.034307252
790,59.431557155,-16.85044214
791,11.028917974,-16.728344372000002
792,9.228342624,-16.346638776
793,15.73345812,-16.315083534
794,31.15004627,-16.316507416
795,65.75402415,-15.738801032000001
796,17.202581544,-15.694536729000001
797,48.38823846,-15.341531842
798,14.936824668,-15.085007002000001
799,48.483875252,-14.969735748
800,347.006565028,-14.702434188
801,54.777896311999996,-14.611252424000002
802,13.565662614,-14.470006924000002
803,11.670656494000001,-14.335629588
804,56.29548516,-14.332016504
805,14.90955706,-14.199218347999999
806,10.345642906,-14.15829814
807,345.96787369199996,-14.071975815999998
808,14.016388814,-14.060505004000001
809,357.175269388,-14.027595786
810,353.268510214,-13.983447183
811,338.143783152,-13.971980412
812,53.282371862,-13.909180024000001
813,341.192443528,-13.885949551
814,357.18099014,-13.868102486
815,53.399110791999995,-13.741253592
816,57.344916178000005,-13.649478412
817,325.70051529799997,-13.624381642000001
818,333.210280263,-13.58674807
819,37.017702824000004,-13.502521446
820,328.271203962,-13.448607722
821,35.130128308,-13.282798622
822,345.11980526800005,-13.225807212000001
823,335.956611982,-13.178496875999999
824,31.511357201,-13.079735349000002
825,346.906164148,-13.001748051
826,351.475775642,-12.917819677999999
827,33.524750401999995,-12.820174827999999
828,315.25095436,-12.671892552000001
829,66.917966092,-12.59369407
830,330.10020022,-12.598301335999999
831,24.404890068,-12.518852398
832,347.55471920800005,-12.51289484
833,335.958920352,-12.501069695999998
834,347.59288582,-12.411372775
835,64.158918523,-12.398502860999999
836,15.513806577999999,-12.345854952
837,334.900852806,-12.342806072
838,351.396058385,-12.3261733
839,8.72689908,-12.230908915999999
840,348.112824994,-12.17114115
841,67.60399061,-12.094750504
842,47.62063561,-12.075801036
843,48.8099953,-12.039954572000001
844,316.537253578,-11.979845100999999
845,359.70149028,-11.958796158
846,8.097609197,-11.937473565
847,335.41044777,-11.911935935999999
848,357.094391316,-11.835912414000001
849,358.32697402199994,-11.831572516
850,336.09604694,-11.754455226
851,5.442716878,-11.736426338
852,358.499494756,-11.663167682000001
853,352.95760109599996,-11.631898507999999
854,70.108204118,-11.585565297
855,347.635645922,-11.575092082000001
856,59.535615918000005,-11.311879002000001
857,349.231355118,-11.172587004
858,342.12003363599996,-11.154486475999999
859,50.350294546,-11.146012584000001
860,9.660385924,-11.046970757999999
861,358.47261774599997,-10.98201373
862,2.142869908,-10.94926325
863,332.21726296400004,-10.930085362
864,15.902649502000001,-10.83269634
865,48.60200361,-10.754053588
866,319.05825359,-10.729015868
867,346.312548276,-10.727690472
868,332.589980588,-10.627320732000001
869,331.96860241400003,-10.560781502000001
870,5.761608588,-10.554401124
871,332.80252841,-10.548600924
872,357.471382646,-10.501917486
873,23.24549879,-10.451916392000001
874,62.462700702,-10.443335484
875,65.961448656,-10.308082544
876,61.79940367,-10.229750968
877,56.066249502,-10.132606124
878,326.139040554,-10.024565376
879,337.552930103,-9.991944489
880,328.574087582,-9.937264242000001
881,27.380796528,-9.93065138
882,15.331143244000002,-9.84522623
883,10.272086056000001,-9.778383356
884,54.203789228000005,-9.766585108
885,348.774700218,-9.587880869
886,162.779994424,-9.54902116
887,191.870937002,-9.484865600000001
888,158.804101972,-9.482345883999999
889,60.512700406,-9.456523778
890,48.590298946000004,-9.436679394
891,166.20877875,-9.421452698
892,331.079807996,-9.408430596
893,352.01444753199996,-9.401687308
894,342.915485488,-9.375904566
895,188.814687538,-9.355492997999999
896,359.82901893400003,-9.331417614
897,323.74525979599997,-9.238244594
898,26.511600578000003,-9.219638066
899,349.215923728,-9.212950664
900,8.390088951000001,-9.194578629
901,30.830672185999997,-9.157183900000001
902,198.11506753400002,-9.147085800000001
903,196.42476942,-9.070598262
904,181.741541274,-9.037227634
905,321.489013818,-9.03206136
906,178.83954268,-9.010101400000002
907,207.1557552,-8.926118886
908,72.016354758,-8.898894914
909,172.719294227,-8.876155144
910,159.993960135,-8.790105287000001
911,322.60657970200003,-8.778549246
912,58.509467478000005,-8.764226084
913,333.799338434,-8.730954382
914,73.196230676,-8.717013782
915,188.46602785,-8.705038838
916,215.08280475400002,-8.622903086
917,139.45297070200002,-8.605833554
918,155.025829994,-8.60252838
919,192.18075607,-8.586036394
920,13.219397672000001,-8.577429272
921,21.871779915999998,-8.55425328
922,71.14500262600001,-8.47878461
923,138.647116558,-8.45246121
924,344.72982862,-8.45784912
925,161.406711594,-8.448808824
926,62.822364762,-8.440294596000001
927,47.753181213999994,-8.424504586
928,343.276874966,-8.422005954
929,48.26749073,-8.398500261
930,66.46507102,-8.369440332
931,156.121962116,-8.360152978
932,348.748809658,-8.363517968
933,346.105333126,-8.34797307
934,137.498162858,-8.300654706
935,323.43438270400003,-8.271007782
936,346.091899826,-8.263452924
937,358.67752208800005,-8.25407717
938,69.698619108,-8.20750124
939,200.360326266,-8.191239827999999
940,182.101359954,-8.148309644
941,21.446243387,-8.137952189
942,335.587815348,-8.130519362000001
943,9.907779648,-8.11619354
944,350.28152966199997,-8.109832412000001
945,172.509950508,-8.084363782
946,222.12088297,-8.075687938
947,211.70696258200002,-8.039329708
948,138.738284455,-8.019070465
949,218.391340806,-7.9389636139999995
950,204.97639684,-7.927686984
951,343.46579545,-7.894464817999999
952,186.950180008,-7.890519006
953,20.767502366,-7.87509371
954,349.38344217,-7.852261862000001
955,139.44214052,-7.819867766000001
956,207.81064778599998,-7.81789589
957,183.906454784,-7.789139324
958,64.037302178,-7.75684039
959,21.40242643,-7.739928126000001
960,213.522908726,-7.735091206
961,31.485800034,-7.679681542000001
962,165.07644008399998,-7.648725572000001
963,196.151219796,-7.61484816
964,57.164481446,-7.577350922000001
965,193.566524292,-7.538491924
966,212.956946308,-7.498004214
967,28.971986424,-7.478212276
968,351.668957402,-7.479630444
969,0.38721347,-7.436128356
970,19.74976945,-7.3495269
971,14.392490515999999,-7.3243815020000005
972,168.57161583799999,-7.323667022
973,167.60811828,-7.299666632
974,188.29774923,-7.298803116
975,167.10885245,-7.25467573
976,67.962332621,-7.238355157000001
977,220.06171378099998,-7.237980802
978,213.30950126,-7.2190755520000005
979,21.730530261,-7.195377927000001
980,162.132805147,-7.1953398889999995
981,151.924548464,-7.11501298
982,346.74765451,-7.09329545
983,161.23719344399998,-7.089319556
984,212.89270039,-7.054334356
985,356.98331773,-7.03314952
986,183.79363918,-7.007969652000001
987,139.418171456,-6.974974607999999
988,0.09781856800000001,-6.9361575239999995
989,350.486941206,-6.930684307999999
990,328.987290986,-6.893861384
991,59.12770329,-6.8916048960000005
992,15.371050787,-6.8111171665
993,15.371501141500001,-6.810968496
994,340.513909196,-6.785492623
995,11.794976105999998,-6.769144122
996,328.918261062,-6.73207662
997,1.922881192,-6.6910186760000006
998,18.902673808,-6.6726739
999,32.446140981999996,-6.672859097999999
1000,355.31239039,-6.634858362
1001,161.760733668,-6.619031047999999
1002,206.262699798,-6.6071342379999995
1003,163.67389886799998,-6.585866488
1004,341.47792693400004,-6.58233284
1005,172.457791746,-6.544696262
1006,47.755739962,-6.533442357999999
1007,332.73479767599997,-6.50992485
1008,224.52788180599998,-6.456490582000001
1009,319.859165904,-6.446736454
1010,351.04753642199995,-6.417304552
1011,359.059079278,-6.4187984
1012,9.114218854,-6.316809234
1013,141.87693540799998,-6.289409278
1014,182.921827878,-6.1701402739999995
1015,317.326570878,-6.131847062
1016,152.354136422,-6.091988367999999
1017,147.829264448,-6.048909824
1018,210.344655232,-6.035598472
1019,223.82437180000002,-6.040046564
1020,48.857161368,-6.02644688
1021,357.01420687,-6.033291618
1022,327.571523923,-5.993586232999999
1023,27.491920552,-5.92315401
1024,13.06266112,-5.90192135
1025,209.373750582,-5.895181687999999
1026,226.523483075,-5.878528506
1027,162.958475088,-5.856402794
1028,359.911525266,-5.796519206
1029,331.3922914,-5.66812035
1030,72.640179136,-5.645864392000001
1031,56.169643564,-5.62513509
1032,174.151364074,-5.564450992
1033,211.190967754,-5.565242412000001
1034,356.17448603800005,-5.53118654
1035,137.586568498,-5.516217864
1036,184.87753366400003,-5.4565686520000005
1037,359.764459826,-5.405133982000001
1038,144.030195836,-5.395933824
1039,194.87355056599998,-5.39570507
1040,59.402973042,-5.321735534
1041,7.4592331220000005,-5.285997368
1042,194.730999016,-5.155513324
1043,175.254339922,-5.13343807
1044,190.316584498,-5.009055576000001
1045,9.82740501,-5.00328985
1046,204.05132914599997,-4.979976584
1047,204.195610308,-4.965862852
1048,173.410387238,-4.940549516
1049,155.342521919,-4.884222126
1050,132.89548294,-4.87997299
1051,189.845202138,-4.867597798
1052,155.931074252,-4.845666352
1053,144.11603474,-4.812335847
1054,334.08266955,-4.760820526
1055,182.2915331,-4.755343908
1056,44.500282681,-4.743783543
1057,72.1904987,-4.748263132
1058,170.15955295,-4.74917393
1059,155.19686178,-4.737576144
1060,194.464226678,-4.741444888
1061,190.875642408,-4.731351106
1062,320.91460082,-4.719469584
1063,354.480975204,-4.724263076000001
1064,169.062000076,-4.702548198
1065,194.29064424400002,-4.6982864719999995
1066,218.26300090400002,-4.62716356
1067,51.443183848000004,-4.615894262
1068,155.682338404,-4.59654513
1069,355.893513042,-4.586906944
1070,47.457548752,-4.58333104
1071,144.96234003799998,-4.581013546
1072,38.601078066,-4.490684236
1073,65.02167779199999,-4.47478335
1074,138.953683504,-4.462195852
1075,342.520234382,-4.4056632680000005
1076,169.637843809,-4.396120398
1077,156.16793179200002,-4.32392955
1078,197.715698716,-4.305484744
1079,196.843994038,-4.2354464080000005
1080,52.20152381,-4.219094366
1081,325.52689456,-4.21500973
1082,187.90259366400002,-4.19776912
1083,210.44255366,-4.180285986
1084,177.594803594,-4.173704688
1085,214.88068174,-4.15339639
1086,134.398229002,-4.118060258
1087,204.29048230599997,-4.0735818980000005
1088,5.011755443999999,-4.051707564
1089,55.45313149,-4.056703476
1090,332.306385592,-4.048126863999999
1091,47.077878764,-3.9512922980000003
1092,65.182618856,-3.87588214
1093,66.722033994,-3.8818542060000003
1094,168.44825084,-3.821565122
1095,195.128096684,-3.822859948
1096,214.634466882,-3.815214956
1097,61.197149241999995,-3.7991947999999995
1098,170.03118885799998,-3.77619506
1099,146.792768196,-3.765075113
1100,179.511032156,-3.743397044
1101,13.720337494,-3.7298668719999997
1102,175.786171434,-3.696312468
1103,53.302952454,-3.677757232
1104,358.82599575800003,-3.670542562
1105,72.780951282,-3.65188168
1106,167.422982948,-3.657391182
1107,155.671905742,-3.648148092
1108,340.11674793,-3.649883276
1109,155.766069056,-3.620994272
1110,188.859035029,-3.602144255
1111,154.633422954,-3.5640093439999996
1112,21.53464168,-3.551182912
1113,350.71994057800003,-3.554552778
1114,174.841215952,-3.538491048
1115,164.663882816,-3.504215308
1116,153.001730538,-3.492036988
1117,182.86605636,-3.433667636
1118,184.18370312,-3.430244244
1119,156.52515134,-3.4131447639999997
1120,12.012186162999999,-3.402147585
1121,155.851853306,-3.388928074
1122,174.57496639,-3.354365094
1123,157.48263961,-3.347057224
1124,55.094243102,-3.319194444
1125,175.869504718,-3.320463262
1126,212.233192714,-3.3154051460000002
1127,144.611755698,-3.304450094
1128,155.666027598,-3.2704257119999998
1129,183.331849052,-3.17940256
1130,153.383238772,-3.168560686
1131,51.42877617600001,-3.14396222
1132,351.18863147400003,-3.110729657
1133,201.1090878,-3.0853264719999998
1134,1.428318116,-3.076055678
1135,199.209082765,-3.062676737
1136,203.802745124,-3.00992972
1137,48.729325444,-2.992549008
1138,153.82265155,-2.98140473
1139,189.671218886,-2.966346278
1140,128.981589514,-2.955158622
1141,158.457238362,-2.94366706
1142,170.730798336,-2.948761212
1143,19.414325942,-2.94086779
1144,357.715275924,-2.9250523139999998
1145,51.84841943399999,-2.911978882
1146,353.61263869,-2.899344379
1147,180.79456242900002,-2.8760191489999998
1148,174.058318496,-2.870405426
1149,53.71277304,-2.830062214
1150,195.363150656,-2.77035022
